{"stats":{"minecraft:custom":{"minecraft:time_since_rest":34187,"minecraft:interact_with_smithing_table":1,"minecraft:play_time":34187,"minecraft:sprint_one_cm":620,"minecraft:walk_one_cm":15058,"minecraft:sneak_time":19,"minecraft:walk_under_water_one_cm":978,"minecraft:interact_with_anvil":1,"minecraft:drop":4,"minecraft:jump":41,"minecraft:leave_game":1,"minecraft:time_since_death":34187,"minecraft:walk_on_water_one_cm":384,"minecraft:total_world_time":34187,"minecraft:fly_one_cm":64218},"minecraft:picked_up":{"minecraft:netherite_boots":1,"minecraft:oak_sign":1,"minecraft:netherite_helmet":1,"minecraft:lever":1,"minecraft:netherite_chestplate":1,"minecraft:netherite_leggings":1},"minecraft:crafted":{"minecraft:air":0},"minecraft:dropped":{"minecraft:netherite_boots":1,"minecraft:netherite_chestplate":1,"minecraft:netherite_leggings":1,"minecraft:netherite_helmet":1},"minecraft:used":{"minecraft:emerald_ore":1,"minecraft:lever":1,"minecraft:anvil":1,"minecraft:grass_block":5,"minecraft:smithing_table":1}},"DataVersion":3700}